Datetime,Water Level (m)
2025-05-15 06:00:00,1.1525102
2025-05-15 07:00:00,1.6540861
2025-05-15 08:00:00,1.8824184
2025-05-15 09:00:00,1.7732129
2025-05-15 10:00:00,1.2804644
2025-05-15 11:00:00,0.5734567
2025-05-15 12:00:00,-0.25995559
2025-05-15 13:00:00,-1.0393052
2025-05-15 14:00:00,-1.6182271
2025-05-15 15:00:00,-1.7853879
2025-05-15 16:00:00,-1.2441424
2025-05-15 17:00:00,-0.2788366
2025-05-15 18:00:00,0.51191115
2025-05-15 19:00:00,1.0607736
2025-05-15 20:00:00,1.2966207
2025-05-15 21:00:00,1.2500328
2025-05-15 22:00:00,0.896731
2025-05-15 23:00:00,0.27907646
2025-05-16 00:00:00,-0.43907747
2025-05-16 01:00:00,-1.14728
2025-05-16 02:00:00,-1.6750972
2025-05-16 03:00:00,-1.7900015
2025-05-16 04:00:00,-1.1988549
2025-05-16 05:00:00,-0.1752793
2025-05-16 06:00:00,0.75477165
2025-05-16 07:00:00,1.4985018
2025-05-16 08:00:00,1.9042233
2025-05-16 09:00:00,1.9810112
2025-05-16 10:00:00,1.6721467
2025-05-16 11:00:00,1.050992
2025-05-16 12:00:00,0.24961312
2025-05-16 13:00:00,-0.532428
2025-05-16 14:00:00,-1.2473891
2025-05-16 15:00:00,-1.6391207
2025-05-16 16:00:00,-1.5103521
2025-05-16 17:00:00,-0.74637806
2025-05-16 18:00:00,0.011212183
2025-05-16 19:00:00,0.7153707
2025-05-16 20:00:00,1.1379936
2025-05-16 21:00:00,1.3162732
2025-05-16 22:00:00,1.1941706
2025-05-16 23:00:00,0.7436464
2025-05-17 00:00:00,0.13108435
2025-05-17 01:00:00,-0.5576015
2025-05-17 02:00:00,-1.1755006
2025-05-17 03:00:00,-1.5727334
2025-05-17 04:00:00,-1.5013096
2025-05-17 05:00:00,-0.7058768
2025-05-17 06:00:00,0.2091825
2025-05-17 07:00:00,1.0713812
2025-05-17 08:00:00,1.6427468
2025-05-17 09:00:00,1.927331
2025-05-17 10:00:00,1.8878995
2025-05-17 11:00:00,1.4771017
2025-05-17 12:00:00,0.85472786
2025-05-17 13:00:00,0.067529455
2025-05-17 14:00:00,-0.66152424
2025-05-17 15:00:00,-1.2466725
2025-05-17 16:00:00,-1.5068032
2025-05-17 17:00:00,-1.2460531
2025-05-17 18:00:00,-0.48923743
2025-05-17 19:00:00,0.19906655
2025-05-17 20:00:00,0.7995851
2025-05-17 21:00:00,1.138085
2025-05-17 22:00:00,1.2358543
2025-05-17 23:00:00,1.036979
2025-05-18 00:00:00,0.5499818
2025-05-18 01:00:00,-0.0646474
2025-05-18 02:00:00,-0.6953348
2025-05-18 03:00:00,-1.200853
2025-05-18 04:00:00,-1.4370215
2025-05-18 05:00:00,-1.1697389
2025-05-18 06:00:00,-0.38500652
2025-05-18 07:00:00,0.3918009
2025-05-18 08:00:00,1.1254232
2025-05-18 09:00:00,1.6069424
2025-05-18 10:00:00,1.8392057
2025-05-18 11:00:00,1.7430044
2025-05-18 12:00:00,1.3004565
2025-05-18 13:00:00,0.6551907
2025-05-18 14:00:00,-0.0751713
2025-05-18 15:00:00,-0.7340453
2025-05-18 16:00:00,-1.222457
2025-05-18 17:00:00,-1.3784077
2025-05-18 18:00:00,-1.0536878
2025-05-18 19:00:00,-0.37948796
2025-05-18 20:00:00,0.2220337
2025-05-18 21:00:00,0.75854367
2025-05-18 22:00:00,1.0845041
2025-05-18 23:00:00,1.1866018
2025-05-19 00:00:00,0.9973587
2025-05-19 01:00:00,0.57186943
2025-05-19 02:00:00,0.0038735587
2025-05-19 03:00:00,-0.5679383
2025-05-19 04:00:00,-1.0067453
2025-05-19 05:00:00,-1.185848
2025-05-19 06:00:00,-0.8729772
2025-05-19 07:00:00,-0.16807754
2025-05-19 08:00:00,0.5166792
2025-05-19 09:00:00,1.1474285
2025-05-19 10:00:00,1.6036946
2025-05-19 11:00:00,1.833058
2025-05-19 12:00:00,1.7314126
2025-05-19 13:00:00,1.3204254
2025-05-19 14:00:00,0.68125296
2025-05-19 15:00:00,-0.052765295
2025-05-19 16:00:00,-0.72834074
2025-05-19 17:00:00,-1.2409267
2025-05-19 18:00:00,-1.4155992
2025-05-19 19:00:00,-1.1112428
2025-05-19 20:00:00,-0.44096065
2025-05-19 21:00:00,0.17134887
2025-05-19 22:00:00,0.7209043
2025-05-19 23:00:00,1.0591007
2025-05-20 00:00:00,1.2194813
2025-05-20 01:00:00,1.1287289
2025-05-20 02:00:00,0.7760994
2025-05-20 03:00:00,0.25725403
2025-05-20 04:00:00,-0.32809526
2025-05-20 05:00:00,-0.8228693
2025-05-20 06:00:00,-1.096156
2025-05-20 07:00:00,-0.9303457
2025-05-20 08:00:00,-0.2657532
2025-05-20 09:00:00,0.42552134
2025-05-20 10:00:00,1.0721688
2025-05-20 11:00:00,1.5229532
2025-05-20 12:00:00,1.7466742
2025-05-20 13:00:00,1.6916736
2025-05-20 14:00:00,1.3144244
2025-05-20 15:00:00,0.723452
2025-05-20 16:00:00,0.026429188
2025-05-20 17:00:00,-0.6293375
2025-05-20 18:00:00,-1.1369638
2025-05-20 19:00:00,-1.3789383
2025-05-20 20:00:00,-1.1948868
2025-05-20 21:00:00,-0.55183357
2025-05-20 22:00:00,0.08812137
2025-05-20 23:00:00,0.7035796
2025-05-21 00:00:00,1.1261951
2025-05-21 01:00:00,1.35175
2025-05-21 02:00:00,1.3232511
2025-05-21 03:00:00,1.0098995
2025-05-21 04:00:00,0.5110774
2025-05-21 05:00:00,-0.08969688
2025-05-21 06:00:00,-0.63712484
